<?xml version="1.0" encoding="UTF-8"?>
<!DOCTYPE mapper PUBLIC "-//mybatis.org//DTD Mapper 3.0//EN" "http://mybatis.org/dtd/mybatis-3-mapper.dtd">
<mapper namespace="AdminDAO">


	<select id="selectAdminLoginInfo" parameterType="java.util.HashMap" resultType="java.util.HashMap">
		SELECT  admin_id AS id,
				admin_name AS name
		FROM tb_admin
		WHERE admin_id = #{id}
		AND admin_password = #{pwd}
		AND use_yn = 'Y'
	</select>
	
	<!-- 게시판 선택된 페이지 -->
	<select id="selectBoardList" parameterType="java.util.HashMap" resultType="java.util.HashMap">
		SELECT  T.rnum,
				T.eventSeq,
				T.eventTitle,
				T.eventStartDate,
				T.eventEndDate,
				T.eventPostStartDate,
				T.eventPostEndDate,
				T.createId,
				T.createDate,
				T.updateId,
				T.updateDate,
				T.eventViewCnt,
                T.useYn
		FROM (select    FORMAT(@rownum:=@rownum+1, 0) AS rnum,
						event_seq AS eventSeq,
						event_title As eventTitle,
						DATE_FORMAT(event_start_date, '%Y-%m-%d') AS eventStartDate, 
						DATE_FORMAT(event_end_date, '%Y-%m-%d') AS eventEndDate,     
						DATE_FORMAT(event_post_start_date, '%Y-%m-%d') AS eventPostStartDate,
						DATE_FORMAT(event_post_end_date, '%Y-%m-%d') AS eventPostEndDate,  
						create_id AS createId,
						DATE_FORMAT(create_date, '%Y-%m-%d %H:%i:%s') AS createDate,
						update_id AS updateId,
						DATE_FORMAT(update_date, '%Y-%m-%d %H:%i:%s') AS updateDate,
                        event_view_cnt As eventViewCnt,
                        use_yn As useYn
			from tb_event, (SELECT @rownum:=0 FROM dual) R
			WHERE 1=1
			AND use_yn = 'Y'
			<if test="searchKeyword != '' and searchKeyword != null and searchKeyword != 'undefined'">
				AND event_title like concat('%', trim(#{searchKeyword}), '%')
			</if>
			ORDER BY create_date) T
		ORDER BY CAST(replace(T.rnum, ',', '') AS UNSIGNED) desc
		LIMIT #{recordCountPerPage} offset #{firstIndex}
	</select>
	
	<!-- 게시판 총 갯수 -->
	<select id="selectBoardListCnt" parameterType="java.util.HashMap" resultType="int">
		select count(event_seq)
		from tb_event
		WHERE 1=1
		AND use_yn = 'Y'
		<if test="searchKeyword != '' and searchKeyword != null and searchKeyword != 'undefined'">
			AND event_title like concat('%', trim(#{searchKeyword}), '%')
		</if>
	</select>
	
	<insert id="insertBoard" parameterType="java.util.HashMap">
		INSERT tb_event(
			event_post_start_date,
			event_post_end_date,
			event_start_date,
			event_end_date,
			event_title,
			event_content,
			event_file_group_seq,
			create_id,
			update_id
		) VALUES(
			CONCAT(#{postStartDate},' ',#{postStartHour}, ':',#{postStartMinute},':00'),
			CONCAT(#{postEndDate},' ',#{postEndHour}, ':',#{postEndMinute},':00'),
			CONCAT(#{eventStartDate},' ',#{eventStartHour}, ':',#{eventStartMinute},':00'),
			CONCAT(#{eventEndDate},' ',#{eventEndHour}, ':',#{eventEndMinute},':00'),
			#{eventTitle},
			#{eventContent},
			(SELECT ifnull(MAX(event_file_group_seq)+1, 1) FROM tb_event T),
			#{memberId},
			#{memberId}
		)
	</insert>
	
	<update id="updateBoard" parameterType="java.util.HashMap">
		UPDATE tb_event
		SET event_post_start_date = CONCAT(#{postStartDate},' ',#{postStartHour}, ':',#{postStartMinute},':00'),
			event_post_end_date = CONCAT(#{postEndDate},' ',#{postEndHour}, ':',#{postEndMinute},':00'),
			event_start_date = CONCAT(#{eventStartDate},' ',#{eventStartHour}, ':',#{eventStartMinute},':00'),
			event_end_date = CONCAT(#{eventEndDate},' ',#{eventEndHour}, ':',#{eventEndMinute},':00'),
			event_title = #{eventTitle},
			event_content = #{eventContent},
			event_file_group_seq = #{fileGroupSeq},
			update_id = #{memberId}
		WHERE event_seq = #{eventSeq}
	</update>
	
	<select id="selectAdminEventInfo" parameterType="java.util.HashMap" resultType="java.util.HashMap">
		SELECT  event_seq AS eventSeq,
				DATE_FORMAT(event_post_start_date, '%Y-%m-%d') AS eventPostStartDate,
				DATE_FORMAT(event_post_start_date, '%H') AS eventPostStartHour,
				DATE_FORMAT(event_post_start_date, '%i') AS eventPostStartMinute,
				DATE_FORMAT(event_post_end_date, '%Y-%m-%d') AS eventPostEndDate,
				DATE_FORMAT(event_post_end_date, '%H') AS eventPostEndHour,
				DATE_FORMAT(event_post_end_date, '%i') AS eventPostEndMinute,
				DATE_FORMAT(event_start_date, '%Y-%m-%d') AS eventStartDate,
				DATE_FORMAT(event_start_date, '%H') AS eventStartHour,
				DATE_FORMAT(event_start_date, '%i') AS eventStartMinute,
				DATE_FORMAT(event_end_date, '%Y-%m-%d') AS eventEndDate,
				DATE_FORMAT(event_end_date, '%H') AS eventEndHour,
				DATE_FORMAT(event_end_date, '%i') AS eventEndMinute,
				event_title AS eventTitle, 
				event_Content AS eventContent, 
				event_view_cnt AS eventViewCnt,
				event_file_group_seq AS eventFileGroupSeq,
				use_yn AS useYn,
				create_id AS createId,
				DATE_FORMAT(create_date, '%Y-%m-%d %H:%i:%s') AS createDate,
				update_id AS updateId,
				DATE_FORMAT(update_date, '%Y-%m-%d %H:%i:%s') AS updateDate 
	  FROM tb_event
	  WHERE event_seq = #{eventSeq}
	</select>
	
	<update id="deleteBoard" parameterType="java.util.HashMap">
		UPDATE tb_event
		SET use_yn ='N',
			update_id = #{memberId},
			update_date = CURRENT_TIMESTAMP()
		WHERE event_seq =#{eventSeq}
	</update>
	
	
	
	<!-- 파일 시작 -->
	<select id="getFileGroupMaxIdx" resultType="int">
		SELECT ifnull(MAX(event_file_group_seq), 0) FROM tb_event
	</select>
	
	<select id="getFileGroupIdx" parameterType="java.util.HashMap" resultType="int">
		SELECT event_file_group_seq
		FROM tb_event
		WHERE event_seq = #{eventSeq}
	</select>
	
	<insert id="insertFileAttr" parameterType="java.util.HashMap">
		INSERT INTO tb_file_attr(
			file_group_seq,
			original_file_name,
			save_file_name,
			file_path,
			file_size,
			file_ext,
			create_id,
			create_date,
			update_id,
			update_date		
		) VALUES(
			#{fileGroupSeq},
			#{originalFileName},
			#{saveFileName},
			#{saveFilePath},
			#{fileSize},
			#{fileExt},
			#{memberId},
			CURRENT_TIMESTAMP(),
			#{memberId},
			CURRENT_TIMESTAMP()
		)
	</insert>
	
	<select id="selectFileList" parameterType="java.util.HashMap" resultType="java.util.HashMap">
		SELECT  file_seq AS fileIdx,
				file_group_seq AS fileGroupSeq,
				original_file_name AS fileOriginalName,
				save_file_name AS saveFileName,
				file_path AS saveFilePath,
				file_size AS fileSize,
				file_ext AS fileExt,
				create_id AS createId,
				DATE_FORMAT(create_date, '%Y-%m-%d %H:%i:%s') AS createDate,
				update_id AS updateId,
				DATE_FORMAT(update_date, '%Y-%m-%d %H:%i:%s') AS updateDate	
		FROM tb_file_attr
		WHERE file_group_seq = #{fileGroupSeq}
		AND use_yn = 'Y'
	</select>
	
	<update id="deleteFileAttr" parameterType="java.util.HashMap">
		UPDATE tb_file_attr
		SET use_yn = 'N',
			update_date = CURRENT_TIMESTAMP(),
			update_id = #{memberId} <!-- #{memberId} 은 '스트링' 문자 형태로 반환 -->
		WHERE file_group_seq = #{fileGroupSeq}
		AND file_seq in (${deleteFiles})
		<!-- (${deleteFiles}) 여러개 삭제할 때 $변수를 사용하면 값이 그대로 전달됨 -->
	</update>
	
	
	<!-- join -->
	
	<select id="selectEventApplyList" parameterType="java.util.HashMap" resultType="java.util.HashMap">
		select  T.event_join_seq AS eventJoinSeq,
				T.event_seq AS eventSeq,
				(select e.event_title from tb_event e where T.event_seq = e.event_seq) AS eventTitle,
		        T.event_join_name AS joinName,
		        T.event_join_phone AS joinPhone,
		        T.event_join_email AS joinEmail,
		        T.event_join_sex AS joinSex,
		        T.event_join_birth AS joinBirth,
		        T.event_join_addr AS joinAddr,
		        T.event_join_state AS joinState
		from tb_event_join T
		WHERE T.event_seq = #{eventSeq}
	</select>
	
	<update id="setEventJoinCofirm" parameterType="java.util.HashMap">
		UPDATE tb_event_join
		SET event_join_state = 'W', <!-- W:당첨 -->
			update_id = #{memberId},
			update_date = CURRENT_TIMESTAMP()
		WHERE event_seq = #{eventSeq}
	    <if test="chkArray != null and chkArray.size() > 0">
	        AND event_join_seq IN (${chkArray})
	    </if>
	</update>
	
	
</mapper>